student_id,age,gender,attendance_rate,avg_assignment_score,study_hours_per_week,parental_education,financial_aid,dropout
1,24,Male,50.89369673667069,92.66980468912246,10.84385015056263,Bachelor,1,0
2,21,Female,99.38611948680158,92.77491129709175,23.906731308108125,High School,0,0
3,22,Male,71.38865668679311,92.23470550276042,34.64382534446766,PhD,1,0
4,24,Male,69.21633235798409,54.32777268289236,37.869349156935826,Bachelor,0,0
5,20,Male,83.9823641346535,67.07436065085929,4.236232176150305,PhD,1,0
6,22,Male,60.912694393253204,99.0993793684525,6.193144503908794,Bachelor,1,0
7,22,Female,97.49805919751127,86.32074857859942,37.78945035132318,Bachelor,1,0
8,24,Female,89.3172507207776,41.63004527353359,29.461409133391705,PhD,1,0
9,19,Female,54.47055011561297,43.91227547562952,35.319752993190924,Bachelor,0,0
10,20,Male,70.87903878924642,67.83588260873996,8.105305365413727,PhD,0,0
11,24,Female,93.95591537810824,94.55321235169362,23.503434844376073,High School,1,0
12,20,Male,97.2366011145705,72.32210787716285,28.045583776698948,PhD,1,0
13,20,Female,73.37007556249348,69.86875048205741,27.204475417878907,High School,0,0
14,22,Female,80.67056946053539,46.32842199739783,16.326067634667925,Bachelor,0,0
15,21,Female,58.35169730460376,79.40680628345764,0.6157956676523391,PhD,0,0
16,20,Male,99.55843130684883,89.32618963601354,23.317042272170525,Bachelor,0,0
17,23,Female,61.58358506917217,62.825200450453735,10.12406156718435,PhD,1,1
18,22,Female,97.13658870675629,86.53671105551965,18.010169845715613,High School,1,0
19,19,Male,82.48233244961843,97.8685992340487,38.30324060335269,High School,0,0
20,21,Female,80.38683974394296,52.22598754766135,15.961412705697388,PhD,0,0
21,23,Male,75.63442555082543,71.39977787168448,33.59206426657707,High School,0,0
22,23,Female,61.53349058588793,57.22827748507453,7.541624229970045,Bachelor,0,1
23,19,Male,58.82640160027542,87.57126514203037,26.898419921001153,Bachelor,0,0
24,21,Male,61.02431045350877,74.65560195286946,39.08027817755774,Master,0,0
25,22,Female,59.32191310721272,78.07494505301823,4.075724034917472,High School,1,1
26,18,Male,88.97922367833766,87.87484957695364,0.3327976890876805,Bachelor,1,0
27,21,Male,67.5062629583365,63.75822835974729,17.343311705304572,PhD,1,1
28,19,Male,52.89213382816982,94.90540410442259,3.705019322054688,High School,0,0
29,23,Male,98.45513150704056,71.9817320347684,29.935373987049253,Bachelor,0,0
30,22,Male,94.18929424817128,49.47728937012088,36.58194655394236,High School,0,0
31,21,Male,96.38761415976064,81.75394709012815,17.360838908350352,PhD,1,0
32,18,Female,99.74539113232177,87.59568102629527,10.348465686217638,Bachelor,0,0
33,18,Male,58.69476246097437,59.0057006240516,17.37613276026439,Master,0,1
34,20,Male,69.81210094513294,91.43075541992518,28.937912714000042,Master,1,0
35,20,Female,87.91192378520456,94.36859528594599,0.36216646321483914,High School,0,0
36,24,Female,84.8010309026896,56.614269242668534,23.578159579387886,PhD,1,0
37,19,Female,57.69479531699275,99.01128836291332,24.531667395495163,Bachelor,1,0
38,21,Female,90.79165624953089,48.442691682925506,25.50752987583742,PhD,0,0
39,21,Female,61.22202859183304,52.1209401041494,9.680883199235089,Bachelor,1,1
40,24,Female,61.19088074113115,51.053490354281564,28.56210893512507,High School,0,0
41,23,Female,76.84872114467068,93.63938260047223,3.6556594532710562,Bachelor,1,0
42,23,Male,79.64699674208515,79.2575531394977,7.9708134586720325,PhD,0,0
43,24,Male,79.00431039189056,49.12625699333637,35.09880186617928,PhD,1,0
44,23,Female,54.574341869887746,66.41940510210094,29.548926029062656,High School,0,0
45,20,Male,93.87304313151901,76.91788150418813,0.54982216045381,PhD,1,0
46,21,Male,63.2800021294353,45.007845099362996,9.93505041479201,Bachelor,1,1
47,24,Male,56.47574606414021,92.94498210444033,8.576259319726582,High School,1,0
48,21,Female,94.43740399344887,88.21621212649211,10.832253121478903,Bachelor,0,0
49,18,Female,97.78257491148767,70.31240641459829,9.902390811195456,PhD,0,0
50,20,Male,93.10638086327253,98.02759691555022,2.5010518297138296,High School,1,0
51,22,Female,90.4758037362439,65.06565875650598,18.357620663872815,Bachelor,0,0
52,20,Male,82.7620990319511,99.04661914218987,29.309338991446605,PhD,1,0
53,24,Male,77.54286853045696,80.07519992821761,24.269268988697455,PhD,0,0
54,22,Male,54.34933799557051,78.0802763952365,26.91486674392319,Master,1,0
55,18,Male,70.42266065353493,49.9572937177471,3.245967141449566,PhD,0,1
56,24,Female,68.6344258506157,92.91566549827864,38.059628407071486,Bachelor,1,0
57,19,Female,62.98768918801631,65.6493812752369,33.53967335372099,High School,1,0
58,21,Female,86.17100568442925,49.734004346948765,32.20361273982651,Master,1,0
59,18,Male,74.79378675393855,40.75645119854554,32.9193522016707,PhD,1,0
60,21,Female,54.0523107953824,73.58534101830296,37.30842032531045,PhD,0,0
61,23,Male,61.009160097490565,71.64397732736057,21.77015864454791,PhD,1,0
62,19,Female,84.16293818297979,83.16121734214951,8.011280714705036,Bachelor,0,0
63,19,Male,53.80654297451501,93.41548318106813,24.671344314101646,Master,0,0
64,18,Male,92.56034570243844,44.76439507858177,29.71525974671756,Bachelor,1,0
65,19,Male,74.75732635069872,83.88978942042175,29.516695734161015,Master,0,0
66,22,Female,74.0293288663324,51.244716645854936,20.857960966675204,High School,0,0
67,19,Female,79.62038923297588,91.49062318942984,2.738348773343122,Bachelor,0,0
68,21,Female,91.23404829625746,89.14381083169937,14.844517537205114,Bachelor,1,0
69,21,Female,67.39046039510966,72.44762529913265,36.83066433853429,High School,0,0
70,24,Male,83.90080762795318,82.61456791739869,23.37795639029704,Master,0,0
71,21,Female,78.28659819978955,58.861006791024906,21.533277730228537,PhD,1,0
72,24,Female,63.35141350847107,68.27007393596888,10.75414057528774,High School,1,0
73,21,Male,93.9314993177579,89.2982138626283,14.737956796663156,PhD,0,0
74,22,Male,89.8713010803464,67.55591183039283,35.81384356612677,PhD,1,0
75,24,Male,82.92259173292128,61.46789591952651,26.658521901073428,High School,0,0
76,20,Female,92.52908645471209,69.652746835018,31.495481070093312,Master,0,0
77,23,Male,93.36471004799012,89.6949551462331,18.173816922706205,PhD,0,0
78,18,Male,85.41814883575174,60.11248284225236,25.209888778246317,High School,1,0
79,21,Male,91.85066641818361,50.42569558814463,9.9353443497283,Bachelor,0,1
80,19,Female,84.87357308346418,82.72084121984685,28.218433211339452,Bachelor,1,0
81,21,Male,84.00703858801502,89.55869276248491,17.10405334813349,Bachelor,1,0
82,19,Female,80.93056891075922,46.038248711412,17.701820592589822,High School,0,0
83,23,Female,87.63583197788206,54.39244676535668,25.972892983075266,Bachelor,1,0
84,23,Male,57.93025526465368,48.51831938565964,37.451224858757065,PhD,1,0
85,23,Male,94.04353795994642,60.87648469493,2.560253864344837,Bachelor,1,0
86,19,Female,93.5921763872616,67.02105873432475,32.989729493880304,Bachelor,1,0
87,21,Male,51.462364151727954,84.92958021779839,11.695324416487725,PhD,1,0
88,23,Male,91.29083752823814,79.06885509290045,17.75677818025511,Bachelor,0,0
89,22,Female,56.44349337367226,77.25571404870587,0.8765331510003582,PhD,1,0
90,24,Female,66.7559427129571,61.142496796579266,12.041843113372522,Bachelor,0,1
91,19,Male,87.1754128145804,90.4868531850856,20.105249705205217,PhD,0,0
92,19,Female,58.03799480241541,68.27723004388987,2.2470430938975605,Bachelor,0,1
93,21,Male,90.8983512059531,98.74629628090926,19.643829175326605,PhD,0,0
94,19,Male,91.6067088978871,78.04852829774421,37.08442515433709,High School,0,0
95,19,Male,75.37338668804182,47.57588449387016,4.215728724312209,PhD,0,1
96,23,Female,50.31929358584168,80.57065372452604,30.577629123020174,Bachelor,1,0
97,21,Male,64.35190665874563,59.506240925901935,16.386842135039707,Bachelor,1,1
98,23,Male,80.84634591878711,81.17963180116584,26.20694858097352,Master,1,0
99,24,Male,99.05930890137117,44.178468889744344,10.409463919409173,PhD,0,1
100,24,Female,81.59067635083342,50.49288623055756,6.3796905016543315,High School,1,1
101,23,Female,62.99017905320799,91.34423553434718,6.418504570849057,PhD,1,0
102,24,Female,81.70028515498056,53.63077342141089,2.819677825725786,PhD,1,1
103,21,Female,76.99926898579278,90.22246751457641,7.425868196049721,High School,0,0
104,18,Female,88.99226975755718,56.75656530726462,26.56877539955873,PhD,1,0
105,23,Male,55.34903194134792,78.57291460352246,35.26762447374032,High School,0,0
106,22,Female,88.05139512510141,81.64903441058986,32.56502742364647,High School,1,0
107,22,Female,77.06332893380551,70.75928518870317,27.405372394979363,PhD,0,0
108,19,Female,98.14960019294973,58.31864060180388,4.417274536444107,PhD,0,0
109,24,Male,67.0936083019343,52.75866258226577,11.567497851837993,Bachelor,0,1
110,22,Female,81.6310946566974,41.991361273745575,12.392275012898759,Bachelor,1,1
111,19,Female,96.60140527550087,58.23678407444343,9.998277855904849,Master,1,0
112,18,Male,55.12548639953396,79.18976743187699,20.600226388388926,Master,0,0
113,21,Female,96.86142436182256,96.29828910690895,21.4221525951869,PhD,1,0
114,21,Male,84.39428611504067,92.27226893578313,14.275439006844408,High School,0,0
115,21,Male,53.39185295525859,85.96388659211816,14.15156634945744,Master,0,0
116,22,Male,65.04817834734081,87.30684059519791,33.14222391624325,PhD,1,0
117,18,Male,85.40860443226407,79.89909420855972,31.571713932787425,Master,1,0
118,22,Male,53.36753007343859,55.61721145396018,12.311833267229826,High School,1,1
119,24,Female,79.10852300881366,94.43170184234978,36.55153775493037,PhD,0,0
120,22,Male,67.29415284764784,80.24393871435004,38.11260068010024,High School,0,0
121,18,Male,81.04577588837385,73.62643785882639,13.069701681201632,PhD,1,0
122,18,Female,52.28710169062564,46.65936815280887,14.176997951722194,Master,0,1
123,24,Male,93.57684030761882,66.82333262838553,20.225366136878353,Bachelor,1,0
124,18,Female,98.67444845886985,67.62149627211558,37.64483250134694,Master,0,0
125,18,Female,98.44389276428458,91.87381657136021,35.05277732569246,Master,1,0
126,21,Female,87.48259158714623,72.79889321126731,4.102718503343592,Bachelor,1,0
127,24,Male,56.5043120065316,62.824032938224576,15.709229730856649,Bachelor,0,0
128,20,Male,87.91315979645113,98.60801971063955,22.134847589990873,PhD,1,0
129,20,Male,51.229345822940076,46.643235599578944,20.1252989020616,PhD,1,1
130,18,Female,51.106177576449866,65.35290569871668,7.754522717475707,High School,0,1
131,20,Male,66.18051095747705,42.52148051028432,34.352670846726184,High School,1,1
132,20,Male,74.43215952023328,84.39424724601582,27.077631319873493,Master,0,0
133,18,Male,88.52037089038966,95.08459313194903,33.516334994072146,Bachelor,1,0
134,20,Female,84.16476883032526,56.80223977302937,34.350571173978885,High School,0,0
135,22,Female,72.29513531883742,91.50050060794726,29.934234146629592,Master,1,0
136,19,Male,63.68133331408329,57.53309382771387,17.568424049988693,Bachelor,1,1
137,24,Male,99.85622500788556,94.64620969863492,24.421870200616983,PhD,1,0
138,19,Male,71.30906511179865,85.23771421580705,6.414616244789726,Master,1,0
139,18,Male,72.56935121648377,88.29440661048632,26.945816698996307,PhD,0,0
140,21,Female,58.181191059583455,41.08039333602727,7.17013022957123,High School,0,1
141,24,Female,89.74047743749647,97.76862142444156,27.75798362040627,High School,0,0
142,18,Female,84.68411128907442,83.6002595242194,9.183926430158746,Bachelor,0,0
143,21,Female,61.03848063943802,58.285065723168,4.702052006008799,Master,0,1
144,19,Male,54.11905228079213,89.76367989153081,6.611379605718297,PhD,0,1
145,18,Male,84.02496510373565,56.891271904895795,0.07968540876281072,Bachelor,0,1
146,24,Male,82.72556071405677,92.36523037396768,28.74958471414121,High School,1,0
147,24,Female,63.662976349910466,46.75482342471622,29.296041962335163,High School,1,0
148,23,Male,97.54317811252051,82.22115864764774,20.597333996530377,Master,1,0
149,22,Female,57.55289458904501,72.44190859869462,6.454512042215348,PhD,1,1
150,20,Female,71.6167400521301,45.792068211726445,3.34217350042759,Master,0,1
151,21,Male,97.18079600837994,54.51362969553034,0.7651586574914804,PhD,0,1
152,23,Male,70.98636584630611,40.744242176638885,6.629927078608828,PhD,0,1
153,20,Male,81.92629738320429,68.12607792787034,35.63422139932587,Master,1,0
154,20,Female,69.87971989813971,58.07591564560002,9.66147366806727,Bachelor,0,0
155,18,Male,63.7107601174335,75.90144905786553,14.170853088688627,Master,1,0
156,20,Female,99.19888239799141,57.83426846251703,4.213819379253327,Master,0,0
157,22,Male,70.46670031575215,57.99514669041908,8.894452189926811,High School,0,1
158,24,Female,94.70496018395673,84.5915919238962,20.768982831208206,High School,0,0
159,23,Female,61.49773029455431,42.88857015870121,24.310107323826102,Master,0,1
160,20,Male,60.655235201254165,94.17369971151923,9.814092566648442,Master,1,0
161,18,Female,51.55670414422557,91.13583246347089,2.3092863690046883,High School,1,0
162,22,Female,82.58334126879424,80.06828099358438,15.641314765095945,PhD,0,0
163,19,Male,68.42631718618806,75.59329420644306,9.368134837053365,Master,1,0
164,24,Female,93.21791249198185,93.53814988837914,8.782156929192077,Bachelor,0,0
165,24,Male,73.66049533457786,51.11981077172287,38.39451210853821,Bachelor,0,0
166,23,Female,98.40967139573608,44.73814973144972,24.65201943702896,Bachelor,0,0
167,24,Male,59.27627578515606,54.370610194572286,22.275137726883834,Master,0,0
168,20,Male,93.43115839778054,87.67469672201142,16.631004140932877,PhD,1,0
169,18,Female,88.82984263958708,42.080216003589,17.15777333720577,PhD,0,0
170,24,Female,88.5460922322026,74.96841010500938,21.636200153523234,High School,0,0
171,24,Female,92.23916140584438,99.7262509714786,27.85719228144429,Master,1,0
172,19,Female,88.05119954714993,91.34176563025237,28.08584384727318,PhD,0,0
173,19,Female,81.31101608157077,71.28674134261537,6.867756308217983,Master,1,0
174,21,Male,56.56224388411938,43.81845455719854,20.004510083065078,High School,0,1
175,22,Female,51.6263089745626,89.88241086314258,16.478323801364077,High School,0,0
176,20,Male,96.04239239078434,75.93871049063263,34.82107865077537,High School,0,0
177,24,Male,80.8325157260369,46.89597982357401,25.256756848735055,Bachelor,0,0
178,24,Female,89.82686454880881,45.63143708940137,21.300162656639273,Master,0,1
179,18,Male,74.0761175756275,94.57760916619554,4.615785687156695,High School,0,0
180,21,Male,55.86540944811972,80.15201577628471,24.22551557293646,Master,1,0
181,22,Male,56.259289610127524,89.75720795900534,4.688156227209337,Bachelor,0,1
182,21,Male,84.27826436144858,92.73873401693604,13.488263022630083,Bachelor,1,0
183,23,Female,71.51529474497313,74.30634112289934,5.713678592573275,High School,1,0
184,22,Male,60.02623633501683,71.04678110530247,27.682945880974756,High School,0,0
185,24,Female,74.57972733707184,65.8256446192594,8.250084553446104,PhD,1,0
186,24,Female,53.21044685375671,59.01679526746716,15.67437492752104,Master,0,1
187,22,Male,79.09857009571994,66.07575765152271,35.826991104751144,High School,1,0
188,24,Female,63.449670221754886,86.43277934380939,8.172655335958812,PhD,0,0
189,20,Female,89.87795503185941,76.11540586090788,20.312202558351164,Master,1,0
190,22,Female,65.51809794617868,93.55139739729077,16.77086644664088,High School,1,0
191,21,Male,72.76100745409006,66.60280086275127,0.7249616418291893,PhD,0,0
192,22,Female,50.58102699540503,76.42537472312524,31.71032454291251,PhD,1,0
193,24,Female,53.62234438972794,77.87845318551932,2.761836252583989,Master,0,1
194,20,Female,69.62467782033424,75.50182973837954,18.970200839078146,PhD,0,0
195,20,Male,73.99694173585618,82.15802638513098,22.427131797557998,Master,0,0
196,23,Female,80.00102740596519,54.246008102488375,25.137058264583484,Master,0,0
197,21,Male,64.58312893546517,70.74182665274743,27.545265172315023,Master,0,0
198,19,Male,84.74909430632712,46.25348816850086,10.130895340908603,Bachelor,1,1
199,19,Male,93.00611985946023,63.07067965868875,0.3991510663379749,PhD,1,0
200,22,Male,88.99254944466749,69.26002411727586,28.937746494196478,Master,1,0
201,23,Male,51.980941267417855,79.13345557272835,21.426263973903144,High School,0,0
202,18,Male,74.02534736289145,97.0318631551722,33.44470812828995,Bachelor,1,0
203,22,Female,55.246508920908745,76.03906399290136,32.855534516027774,Bachelor,1,0
204,23,Male,62.10225079312637,84.61563497059359,33.73304671151533,PhD,1,0
205,21,Female,99.33312966335733,70.37596356971217,19.403786399181605,Master,1,0
206,21,Female,57.12477714507566,78.04624188257988,13.345135833474625,PhD,1,0
207,21,Male,74.9444076725678,44.25593296802641,31.6623281036548,Bachelor,0,0
208,21,Female,80.90778671590596,55.26349485051082,18.0517645211702,Master,0,0
209,21,Female,85.12324852720519,61.711185592308325,7.33768785613738,High School,1,0
210,23,Female,77.98243417434571,68.34960130039082,34.198960782458975,Master,0,0
211,23,Female,50.48854237095918,42.738924730143026,35.302395070893894,Bachelor,0,0
212,20,Male,66.3230654121996,48.401445853199064,18.652390245606803,High School,1,1
213,19,Female,75.88558216923558,56.60885846747834,3.0279890923914987,Master,1,1
214,24,Male,54.39332495724167,98.29196145406304,15.51304359667725,High School,0,0
215,21,Female,67.53134656045904,59.88082042618305,32.14150637850413,High School,1,0
216,18,Female,51.66015543956833,68.92246348672495,36.070961141849146,Bachelor,0,0
217,24,Male,53.928924857751035,51.76586276430358,8.138909699903834,High School,0,1
218,23,Female,69.8461638100798,76.64680426454609,2.678944481010861,PhD,1,1
219,18,Female,56.63578770215302,56.84099293095846,35.094018125313546,Bachelor,0,0
220,18,Female,78.3770424130779,52.419554706305604,15.576197559155013,PhD,0,1
221,18,Male,84.47324845686329,70.99435770675875,21.67043857070253,High School,0,0
222,20,Female,90.02933495545415,40.33034794962525,38.722632482030356,PhD,1,0
223,23,Male,60.007512212240506,40.45984195895352,2.662589116568914,Master,1,1
224,18,Female,58.37412911295349,53.14412854611147,25.932720298083822,High School,1,0
225,21,Male,55.228392016720015,42.20328175004927,2.964216902994683,Master,1,1
226,22,Male,81.82151247718184,46.48154524784148,15.018757138660014,PhD,0,1
227,18,Female,85.32378632434506,60.331638960325094,32.15258180773787,Master,1,0
228,20,Female,51.5793072412821,88.15514077478878,17.338889310225376,High School,1,0
229,24,Male,96.81061231218449,74.32291860215804,39.88729415611802,Master,1,0
230,23,Male,52.59856418257362,70.76006355738498,22.362371397864088,PhD,1,0
231,20,Female,77.06481676505352,57.6093293924873,12.846486105438139,PhD,0,1
232,18,Male,85.45302597254582,95.90522316596898,8.804453036190125,PhD,0,0
233,23,Female,93.54845618730428,63.8209024742315,14.020821371446473,High School,0,0
234,22,Female,85.70434660662139,45.22556600774629,14.901330950382032,PhD,1,0
235,18,Female,90.08640415348958,77.02399096706807,2.748547108958439,High School,1,0
236,20,Female,66.97250962714031,46.83030360859608,14.782967977070927,Master,0,1
237,19,Male,90.7412556873256,60.71338856810152,18.569540789568997,PhD,1,0
238,21,Female,54.00574231923376,70.44471632306853,28.909510089552185,Master,1,0
239,24,Male,94.74083280302638,92.45335148111054,26.26917938886432,Bachelor,0,0
240,20,Female,77.37961880768681,69.61279482040712,28.35062620916617,Master,0,0
241,23,Male,90.86488849812469,82.13552596189986,0.33454727507428395,Bachelor,1,0
242,18,Female,72.615914225915,99.56901033994421,8.706695983221442,Master,1,0
243,21,Male,82.17888475982625,47.8893471938789,26.46737153599426,High School,1,0
244,18,Male,76.32013304680567,56.48389153117117,19.359574727189887,Master,0,0
245,23,Female,86.5794760877666,63.674564535858785,0.21253902673383784,High School,0,1
246,18,Female,54.08149910152948,65.30969071232988,32.17978569727289,High School,0,0
247,19,Female,53.01760419952819,64.66126451593274,30.912382931613497,PhD,0,0
248,21,Female,62.355161700507324,94.4566601533933,21.936766519742505,High School,1,0
249,21,Male,57.97723400565942,82.84195866801139,2.658533031050885,Bachelor,0,0
250,23,Female,93.58917832961009,76.47431284544223,30.660601981303387,PhD,0,0
251,24,Male,60.960699367902215,58.562363071766924,23.348543509254558,PhD,1,0
252,19,Male,98.79326279095656,89.42742305327768,31.278399086318366,Master,1,0
253,20,Female,66.84478958855534,97.30363068909934,30.069879695833617,High School,1,0
254,18,Male,59.10589578443496,89.2718969530136,32.12008287831348,High School,0,0
255,22,Male,89.48492535712396,40.093906311488375,20.720322656184994,Bachelor,1,0
256,18,Male,82.9353887750438,78.18408221100442,5.6129807277406,Master,1,0
257,18,Male,74.90978582265694,43.06812288652604,26.846298935187548,Master,0,1
258,20,Female,77.76817754688156,55.456433220023314,24.818951402078824,PhD,0,0
259,18,Female,85.96008891361319,43.5714820208663,29.690127487963487,PhD,1,0
260,19,Female,61.422737066564935,76.22772717696327,6.795240242029412,PhD,0,1
261,19,Female,99.8166958028371,81.1953948095564,7.799007996011569,Bachelor,1,0
262,21,Male,98.73965810733915,46.86925828395431,35.61638068877314,Bachelor,1,0
263,23,Male,82.51628431734684,63.030332982698766,29.999111938082834,PhD,0,0
264,24,Female,59.97712254645725,67.37419053733252,36.32913954801292,Master,1,0
265,22,Female,84.01141212156458,62.14318130565499,30.34861284655683,Bachelor,0,0
266,18,Female,53.60992044895879,47.26150002911158,23.886212239612075,Master,0,1
267,18,Male,51.532625110290304,65.13686741124852,26.165309481114946,Master,0,0
268,20,Female,62.884144425560685,85.07068286850509,35.565116957600395,High School,1,0
269,23,Female,73.13114783696582,44.26045987199533,23.152270180477622,PhD,0,0
270,19,Female,93.41362527041903,44.810800844914205,25.295652973135496,High School,0,0
271,22,Male,86.3584534883154,61.28627751015905,6.259068640144023,PhD,1,1
272,21,Male,87.13532605999904,96.5035426971355,18.95684880464411,PhD,1,0
273,19,Male,71.27466672240377,80.11435880337484,28.65588447832396,Master,1,0
274,23,Male,67.29674962734815,80.7201974003539,10.837707932654617,PhD,1,0
275,24,Male,68.55193814923014,61.715199450271896,8.090167220981396,Master,0,1
276,21,Male,99.3824781868029,75.6196474725123,12.553072328976622,Master,0,0
277,24,Male,52.005459570624126,40.6078710416646,9.660025119713339,PhD,0,1
278,20,Male,93.35157480612243,78.16576278457254,8.596505481455834,Master,1,0
279,20,Female,78.93377042861967,94.7972168545742,16.99403371472348,Master,1,0
280,18,Female,71.93077095947953,76.75440810068915,36.31354055534136,Master,0,0
281,24,Male,86.26288302075682,92.42191560798071,20.282385869548733,Bachelor,1,0
282,23,Male,74.33344707123514,83.43838332796562,7.516815232612921,Master,1,0
283,22,Female,93.67116190408302,47.23350498422141,3.078866775234963,Bachelor,0,0
284,21,Male,95.03509320056293,94.14719843715051,27.846245805517007,Bachelor,0,0
285,19,Male,71.08604634367276,43.986630661346496,15.311950577455512,Master,1,1
286,23,Male,63.841389861752575,72.03804835286583,32.873237863414374,Master,1,0
287,23,Female,79.61751642966811,48.52822742760746,26.380430745630807,Bachelor,1,1
288,20,Female,95.61816728083454,40.70239664385424,31.84965802165474,Bachelor,0,0
289,24,Female,60.53310945028333,65.32205560765834,10.87784157673795,Master,0,1
290,18,Female,81.14832917817414,57.702442459249376,27.694356898442326,Master,0,0
291,18,Female,81.57801100462603,69.16002962785618,10.562479387748752,PhD,0,0
292,21,Male,86.65565112076405,74.63199320407304,37.56273917801166,Bachelor,0,0
293,20,Female,56.57838425636299,42.624344338536844,25.454971261334975,Bachelor,1,1
294,23,Male,85.79124823410443,47.38019770742474,12.980472007013685,PhD,1,0
295,22,Male,95.45162603328205,73.51854378702552,10.780474491690907,Bachelor,1,0
296,20,Female,58.984155443512094,60.59004119035949,7.63706340286574,High School,0,1
297,21,Female,61.87716624619388,83.75040925296688,27.78563835574911,Bachelor,0,0
298,21,Male,98.56975470208198,79.13749891551637,8.748624519917092,PhD,0,0
299,20,Male,59.04884763547449,90.73626177939441,23.812130637099564,High School,1,0
300,21,Male,92.71925466847895,81.54956960015352,10.585401077014293,Master,0,0
301,20,Female,74.61389282240174,65.79586464340889,26.478757791754745,PhD,0,0
302,19,Female,62.36155372015885,80.37799734366595,32.59758914162157,PhD,1,0
303,20,Female,93.53749506362557,56.52287045532511,31.121009725786127,Master,0,0
304,24,Female,72.26526275013327,58.37880992669276,30.434053237231268,PhD,1,0
305,20,Female,75.74086769648451,87.3391095952476,7.508896227690083,Bachelor,0,0
306,21,Male,67.96166846998828,66.78517098409493,3.5353978793807483,Master,0,1
307,24,Female,79.64754257174637,87.90282043110115,27.957953139495423,PhD,1,0
308,21,Male,58.17619362925114,89.3453424200967,14.733888551774053,Master,1,0
309,18,Male,69.55407683258804,91.45374025967703,17.293849056133894,Master,1,0
310,18,Male,98.47061611676438,94.99811415047245,1.2459637117356426,Master,1,0
311,24,Female,62.90667163505638,65.85911323079777,10.383057971001968,High School,1,0
312,19,Female,82.8368332270646,59.13200909926833,1.347056154978561,PhD,1,0
313,18,Female,66.25950321123474,74.93192479564684,35.16743090404991,High School,0,0
314,20,Male,88.67365628433004,62.270345406257654,9.735867328741218,PhD,0,0
315,21,Male,56.54368303591749,76.06445000801398,22.293486782920322,Bachelor,1,0
316,18,Male,98.49105225392724,82.33515175862948,1.5591728264452165,Bachelor,0,0
317,18,Male,72.68947706918196,81.30430110952821,26.67389565222632,Bachelor,1,0
318,19,Male,61.8025231673232,62.47317322120728,12.921093830163755,PhD,0,1
319,24,Male,53.67483736650063,50.01161210192517,35.91676747830663,Master,1,0
320,24,Female,58.48789525437704,65.83176030773245,35.52472755736143,Master,0,0
321,23,Female,75.98869742780089,48.55564864491453,13.011624734469912,High School,0,1
322,19,Female,66.85015882156432,93.4058221110285,36.03843582761871,High School,0,0
323,20,Female,91.44416829413046,60.75264764427145,39.846306939951155,Bachelor,0,0
324,24,Male,71.5443761830903,49.267584833399425,33.016626564957924,High School,0,0
325,21,Male,62.435713629381496,41.526865594345054,33.794853910209156,PhD,1,1
326,19,Female,80.8572493302015,78.74934317718905,9.960349444363597,PhD,1,0
327,18,Male,85.33886084427229,78.21413904728459,23.06809595431025,High School,1,0
328,21,Female,58.35209539504749,60.4362499948775,2.690236558694714,High School,0,1
329,21,Female,58.380960814415886,44.30271333085906,3.7967174728667885,High School,1,1
330,18,Female,51.83357134667715,64.57773369371392,39.95570448133162,High School,0,0
331,19,Male,86.82010075328202,58.67304970380361,13.065569977036438,Bachelor,0,1
332,18,Female,83.19022638109026,80.62723838410056,29.927356481953854,Bachelor,0,0
333,23,Female,73.7315437874907,76.34675496716142,32.26660212107266,High School,1,0
334,21,Female,92.20852244845986,61.8756236918524,34.320930840289165,PhD,0,0
335,22,Male,90.28350764750266,53.0735532552994,39.90513189608626,Bachelor,1,0
336,22,Male,79.2677182198376,99.28215796933551,9.659859410274713,PhD,1,0
337,20,Female,93.41356402566294,67.2400972717669,1.6140330743879883,Master,0,0
338,24,Male,60.292060501838414,81.29645414681423,16.44766071978344,PhD,0,0
339,18,Male,55.5959809698864,48.43317805470164,5.203226793157878,High School,1,1
340,18,Male,63.48748057584948,69.13538197956387,0.897035566482205,Master,1,0
341,20,Male,52.854342804465745,41.65220319216793,14.417073085659444,Bachelor,1,1
342,20,Male,76.5584764000516,70.327307074627,31.34953004300946,Bachelor,1,0
343,20,Male,96.83028461474808,97.84104442706214,22.647227649002836,Master,1,0
344,21,Male,51.967177033425486,63.05240277914801,12.511119568414163,PhD,1,1
345,23,Male,56.105495700501336,42.3397607544947,26.17368021970879,Bachelor,0,0
346,18,Male,72.60995141417176,41.857347455160614,9.280727212352428,High School,1,1
347,21,Male,96.69375087639524,63.27920559681217,0.575257842883401,Master,1,0
348,20,Female,65.80780524883752,49.60149618779164,30.574135457457096,High School,1,0
349,18,Female,75.36174043441963,41.40112577969116,24.949723394560365,Master,1,0
350,21,Male,52.0786429525196,85.37281683701062,30.4921049800384,Bachelor,0,0
351,23,Female,57.41716004810444,67.51138053291345,1.5575206675066244,PhD,0,1
352,21,Female,99.33150614794235,57.35468631835927,33.48478511322609,Master,1,0
353,23,Male,98.25593482180227,94.00499098098885,24.781048001452135,Master,1,0
354,20,Male,50.24699904672048,46.96833761203153,22.535814028505605,High School,1,1
355,23,Male,97.59058927116195,97.35512973731915,24.984561924581264,Bachelor,0,0
356,18,Female,81.95599689077503,58.83800304264117,34.577329874734566,High School,0,0
357,20,Female,93.39591472600111,93.30422033852088,23.47746026235628,Bachelor,0,0
358,18,Male,72.73699278169295,76.1765725887677,23.238015195527172,High School,0,0
359,22,Male,75.77980142896251,89.60244158448924,39.62716628263063,Master,0,0
360,19,Male,74.44232901284602,99.04078979262786,30.26920668274272,High School,0,0
361,23,Female,83.34321287730522,57.30432626912474,17.691752218045412,PhD,1,0
362,19,Female,56.98256273781564,97.66812912445558,28.29588000131711,Bachelor,0,0
363,19,Female,51.4986794936339,63.36891369414522,15.56921886767154,Bachelor,0,0
364,23,Female,65.39649707955954,63.130714284215344,9.15501849933996,Master,1,0
365,20,Male,85.23403813683234,60.42322625527034,23.874075075510376,Bachelor,0,0
366,22,Male,60.09267260614742,72.48445644085511,37.12728392455806,PhD,1,0
367,18,Male,83.67162166624587,49.24870259070923,37.16558080061851,High School,0,0
368,21,Male,98.49560230536352,73.22268912148067,13.676211124219613,Master,1,0
369,18,Female,54.69503578947092,72.50228874460024,21.107098648867797,PhD,1,0
370,21,Female,83.63010591125632,85.7141087562922,8.465435942794448,Bachelor,1,0
371,18,Male,72.18751096522855,90.01899771625514,39.825244379955336,Bachelor,1,0
372,23,Male,93.40711271887527,66.42648101874545,39.24471631471743,PhD,1,0
373,22,Female,58.857489472369295,58.13999496108963,25.980357188297894,High School,0,0
374,21,Male,84.63129761130823,55.56009383902567,32.17656238709893,High School,0,0
375,24,Female,91.90576448240552,51.677430202292314,28.604006451348,Master,1,0
376,20,Male,97.23071097370116,43.458854931941495,23.726328761578728,Bachelor,1,0
377,18,Male,84.16240141448229,60.546878730082796,2.133919879555908,PhD,1,1
378,18,Male,74.85873820042136,56.21486152784699,18.19057370210644,High School,0,0
379,21,Male,80.8923620100607,97.98504315198444,26.99145208669642,Master,1,0
380,20,Male,93.44524922393592,73.46252957500263,27.101264555347385,Bachelor,1,0
381,20,Male,78.53048733194149,60.83662234183045,14.924904736895343,Bachelor,1,0
382,23,Male,51.519352984841845,74.82805605962176,37.667679466321225,Master,1,0
383,24,Female,96.54743477534889,48.351802080741734,6.69428128947124,Master,0,1
384,23,Female,84.47633755157806,66.64262495213217,20.014377848622424,High School,1,0
385,23,Female,83.82566928886233,77.57405928526383,27.63535906203291,PhD,1,0
386,23,Female,60.78375761988586,69.33386990754708,27.88543223567237,Bachelor,0,0
387,23,Female,82.94427351163286,64.10672803925945,25.94555827075262,PhD,1,0
388,23,Male,69.69322028270793,99.63090333398189,11.011528538074407,Bachelor,1,0
389,22,Male,82.5616488520746,92.81888572893561,6.248262747464879,Bachelor,0,0
390,20,Female,55.32965151539953,77.40435748956641,25.437613073068434,PhD,0,0
391,23,Male,82.89226523015179,74.16264167093696,23.97208464557751,Master,0,0
392,20,Female,99.97068628853333,77.23962878947503,7.174240411569639,High School,1,0
393,20,Female,52.4106019430278,52.078726469345995,28.205565822822535,Bachelor,1,1
394,19,Male,98.85870921106587,63.70826459585912,18.206879669346257,Master,0,0
395,22,Male,70.34539803614354,42.36757197345396,26.710423664126118,Bachelor,0,1
396,23,Male,93.53767251686295,68.5327622492096,33.49468319080603,High School,0,0
397,18,Female,89.11927420291367,72.5814750374598,6.7891371430769265,Bachelor,1,0
398,21,Male,78.3508130493334,53.664984166192575,0.7657947198734671,High School,1,1
399,24,Female,86.92246046256633,97.84173082993082,31.164103455831473,High School,0,0
400,18,Female,93.92577806506739,94.56727665623453,24.387897006104637,Bachelor,1,0
401,22,Female,70.20701608255165,83.32859412735435,27.98558278488487,Bachelor,0,0
402,21,Male,66.35165807816193,72.00319772592175,33.5261989995457,High School,1,0
403,22,Male,83.37966927817924,92.19814957886109,32.11243739298002,Master,1,0
404,20,Female,90.39229709706294,47.83914062940777,38.436805877152985,PhD,1,0
405,21,Male,88.11425673883079,87.4305876564931,21.437403154084727,High School,1,0
406,20,Male,89.89068244293173,47.489248838010894,19.539825306396214,Bachelor,0,1
407,18,Male,71.77916574064665,87.65263975296432,16.075487995629203,Bachelor,1,0
408,18,Female,90.89171080875107,56.546054095081416,6.147641713768182,Master,1,0
409,21,Female,56.01045276853042,92.62543486109134,22.9042893152809,PhD,0,0
410,21,Male,77.22445489804248,96.64252562952387,11.08050097303915,High School,1,0
411,23,Female,50.28793302490608,48.92775816430694,36.85230048851902,High School,0,0
412,22,Male,66.22929149501351,67.76053630392362,23.327632171083902,PhD,0,0
413,23,Male,68.32307674356989,98.8592426897611,23.713607220324405,High School,1,0
414,22,Male,69.80863458046277,69.00444615838879,14.196986435080401,PhD,1,0
415,23,Male,84.7733603344931,91.8128513508727,2.0795740791082995,Bachelor,0,0
416,20,Female,69.42790506351729,75.32389132787918,1.2697506149195448,PhD,0,1
417,21,Female,72.43468113112652,62.51979447517611,16.9334057661279,High School,0,0
418,18,Female,61.87720654371637,57.147013331552216,3.382615123889514,PhD,1,1
419,22,Male,68.662589581467,52.193385465165235,24.273878221605564,Master,0,0
420,22,Male,61.363481363157575,85.70789148266184,35.2389202255863,Bachelor,0,0
421,18,Male,53.659796188422185,63.19243040938167,35.31659266074889,Bachelor,0,0
422,23,Female,80.17242966906889,70.67652773204507,26.361816405289296,PhD,1,0
423,22,Male,83.41063992775082,69.53952880007091,8.449273258917241,High School,0,0
424,24,Female,80.97451730048073,74.63674175398788,34.519873254354884,Master,1,0
425,20,Female,73.17470219002863,91.93462873747313,35.44373741252833,Bachelor,1,0
426,21,Female,68.98928900896149,98.84436061500577,7.866143398118348,Bachelor,0,0
427,18,Female,93.16668247859127,64.45505251442901,29.49704343082709,High School,1,0
428,21,Female,75.9540892568109,89.65113532637818,11.460781957084919,High School,0,0
429,24,Female,73.95909388148655,85.87166767928306,32.10561249411719,Master,1,0
430,22,Male,51.282103290321785,74.41173708733439,39.889515996144105,PhD,1,0
431,22,Male,67.06239138130782,97.36282861671599,1.2010402131757125,High School,0,0
432,24,Female,69.00978093929285,52.02847093170416,35.894634631637274,PhD,0,0
433,18,Female,69.94113904484502,46.55585261857728,24.905221343946323,Master,0,1
434,20,Male,79.00861846136661,91.23771801732534,38.93530476659285,PhD,1,0
435,19,Female,76.68012733634393,66.3489889980249,18.600380701057105,Bachelor,1,0
436,18,Female,80.39525463967223,90.81813125242363,33.89551722285495,PhD,0,0
437,19,Male,88.2441630771064,93.5854123117249,2.495762743931089,Master,0,0
438,24,Female,90.64928693580467,43.74745561714428,13.411162003131828,Master,1,1
439,23,Female,85.90615381132471,93.00788577916364,2.680661510048399,Master,1,0
440,19,Female,97.77618479774674,66.89914332216533,39.01372533916282,PhD,1,0
441,20,Male,50.91162913381808,70.62594934025392,32.67895629087347,Bachelor,0,0
442,23,Male,59.788899284177305,77.59555066559261,34.10189684983882,High School,1,0
443,19,Male,50.37814374890711,95.58295640380521,37.51860925735577,Bachelor,0,0
444,24,Female,82.37373570773015,41.14696566578584,3.404139444791414,PhD,1,1
445,23,Female,94.90152744749935,68.61060809906903,15.423903700533334,PhD,1,0
446,24,Male,62.174114828814965,81.26332254583363,2.841395561760085,High School,0,0
447,19,Female,96.35172723981533,83.3624174618937,8.431724062001145,PhD,0,0
448,24,Female,53.01336951447804,81.55194589222648,9.174631081506895,Master,0,0
449,20,Female,96.72180134027572,48.06610776448731,18.764288441903147,Master,1,0
450,19,Female,67.58113436198173,57.963735302300876,10.742486698145704,Master,1,1
451,19,Female,55.07104142246082,61.52293152502081,4.039124272710444,Master,1,1
452,19,Male,74.29358795931628,88.2662324607703,6.699643563764308,Master,0,0
453,18,Female,62.8388283860254,56.72559234487318,5.891022542083637,PhD,1,1
454,18,Male,64.24364509809614,52.64229783203219,38.923071916491935,High School,0,0
455,18,Female,65.36449824631433,97.44688114228578,30.371700276738945,High School,0,0
456,20,Male,90.15129489163317,40.531797106808135,38.71045861078248,Master,0,0
457,23,Female,76.95806383376272,99.8692513409187,17.589619460316342,PhD,1,0
458,24,Male,65.56538495780018,80.60927793144373,11.134739266506264,Bachelor,1,0
459,22,Female,80.51668916554593,89.70815796694703,31.93172788836747,Bachelor,0,0
460,19,Male,85.80753371115968,57.67716378077159,13.050156721645871,PhD,1,1
461,24,Female,63.63120003667669,40.858916660023596,11.97533494821393,Master,0,1
462,19,Male,70.67745507626758,84.2721711136918,9.300239688313248,High School,0,0
463,20,Female,56.09430466684738,90.04867582004054,5.187159128969414,PhD,1,0
464,19,Male,59.05746747673402,84.42856791721115,10.258522440670639,Bachelor,0,0
465,18,Male,84.05589269824914,48.57101723805032,14.212789938955508,Bachelor,0,0
466,22,Female,59.071917384781344,85.20567533541814,26.959768325829216,Bachelor,1,0
467,21,Female,76.258169183353,86.13536692645846,2.502593688778063,Master,0,0
468,19,Male,85.45231308612163,79.5124309402033,8.420277586613718,Bachelor,0,0
469,24,Female,55.34384615473719,85.96695596773517,32.360945611667056,PhD,0,0
470,18,Male,78.36561098144517,90.75528638066393,5.8768769433508306,PhD,0,0
471,21,Male,62.82813918506819,76.81624685424751,13.705805860900862,Bachelor,0,1
472,22,Male,98.146343761879,45.31628283818074,34.5863568743256,PhD,0,0
473,21,Female,74.17728233599624,69.25766858003266,6.197012445737706,Bachelor,0,0
474,18,Male,90.2996274887579,44.6589600802963,3.309473424727596,Bachelor,1,1
475,23,Male,77.51132710781309,64.45258186194584,19.381519803200433,High School,1,0
476,23,Female,52.170626642740956,64.42638934753765,12.096780451141456,Master,0,1
477,21,Female,81.65756877970111,43.960590648414495,22.536334579354165,Master,0,1
478,20,Female,97.57016711033285,60.92923203816876,32.152195619339004,High School,1,0
479,24,Female,80.08059100731656,46.65988592747889,5.485939526109727,High School,1,1
480,24,Male,90.95944297133951,88.49411260055334,23.2279633821714,Master,1,0
481,21,Male,94.2103231674204,96.86128155786824,20.220350415594556,Bachelor,1,0
482,19,Male,61.40398859744663,44.338988515476316,5.763151440527983,Bachelor,1,1
483,19,Male,60.60224199541133,97.30691243750209,24.959939421159298,Master,0,0
484,24,Female,80.54904944254959,71.3545959602047,10.945616714430866,Bachelor,1,0
485,24,Male,70.55142349033524,57.973940677232434,19.5133727417605,High School,1,0
486,23,Male,91.99306514333603,44.61172451656981,3.2908929710824752,Bachelor,1,1
487,20,Female,95.00115616990055,70.03745608422507,18.383362288544923,Bachelor,0,0
488,18,Male,67.6710689651359,87.67093266944492,12.258538721712814,PhD,0,0
489,19,Male,61.8435279487241,82.42518863600189,32.895248447414176,PhD,0,0
490,24,Male,89.0262757621931,43.01356068783843,2.279149079894731,PhD,0,1
491,23,Male,63.740301777406806,44.374110122074214,16.7442909967332,Bachelor,0,0
492,22,Male,91.13071592568392,64.17239695795823,18.33725696525752,Master,0,0
493,23,Male,71.18691268243813,57.717429642876596,29.00024305196475,High School,1,0
494,19,Female,83.37749496457351,53.94305938336287,22.97150300360844,Bachelor,0,0
495,19,Female,54.77676569173341,56.86026993452282,26.688493487767243,Master,0,0
496,23,Male,81.19296623382866,88.20896459781308,31.081971426070247,Bachelor,1,0
497,18,Male,72.58838393686145,95.75368321791123,34.48811894632755,High School,0,0
498,21,Female,79.3304231587737,64.30616167165398,12.555019868898821,Bachelor,1,0
499,19,Male,58.40071038724317,94.36666012794981,21.52090821455612,High School,1,0
500,23,Male,86.8436872472091,59.28974207487292,33.604323137567995,Bachelor,0,0
501,24,Male,93.13985387716143,68.5862191806275,39.57804523860226,High School,1,0
502,23,Female,60.836990004538784,53.56173986895998,35.580772441750526,Bachelor,1,0
503,20,Male,54.78572777600809,78.42856253055064,14.858690504975073,High School,1,0
504,21,Female,51.18192930231682,98.73886691048853,7.806660688746017,PhD,1,0
505,22,Male,82.0985750221633,76.20958576260273,19.575701496263548,Bachelor,0,0
506,18,Female,80.35470180443903,61.46884504681293,29.66565807344169,Bachelor,1,0
507,22,Female,77.33487063570351,78.86904675943171,19.702762830131903,Master,0,0
508,21,Male,61.59735480579877,47.375240707923254,19.32723453254674,Master,1,1
509,21,Female,69.54529979527574,93.31954481592392,33.529216843272025,High School,1,0
510,21,Male,79.72381675930865,70.18503704679019,14.456151162687455,Bachelor,1,0
511,22,Female,74.83834294295846,66.96098452237852,34.391786992465825,High School,0,0
512,24,Male,99.38927601074437,75.15188730721115,16.272192038068944,PhD,0,0
513,21,Male,56.821987627836656,77.48703176736414,13.129324227133576,Master,0,0
514,23,Female,84.75722770237968,44.30654837359078,18.15959644798796,High School,1,0
515,22,Male,70.21593840521462,80.95703327340414,30.49787834699474,High School,1,0
516,21,Male,71.40998074628074,54.515900818931776,5.040081114559771,Master,1,1
517,23,Female,85.87988828290881,82.83715795039538,7.856768634880695,Bachelor,1,0
518,24,Male,84.62180756621848,89.3520876630518,38.057793026523676,High School,0,0
519,20,Male,99.56279968510941,88.23751045315122,7.019665095254295,Master,1,0
520,24,Female,56.41971447270626,73.15005804447335,22.709092717242182,Bachelor,0,0
521,21,Female,55.20548246920832,71.21019353864507,23.172578666477513,PhD,1,0
522,22,Male,86.21694085643705,48.5725576803647,19.58497848200979,Master,0,0
523,19,Male,78.91934585032045,86.52076902418813,25.789809943072743,High School,0,0
524,21,Female,63.70803332799029,56.28456282680286,9.193069031904738,PhD,1,0
525,19,Female,53.97096844944933,69.80172536907679,22.106490711069927,Bachelor,1,0
526,23,Male,54.282912479821526,57.056445575651004,14.886930209875885,Bachelor,0,1
527,20,Female,94.70954373320592,48.029701779981586,26.46669038516756,Master,1,0
528,18,Male,59.59336623593715,77.77346181350418,5.6489417349259785,Master,1,1
529,24,Male,66.16857810577604,43.25992208937423,22.83509667357905,Master,0,1
530,20,Male,61.3328201113494,84.918714047572,7.410814215332948,Bachelor,0,0
531,21,Male,67.74981529159686,59.055207715666995,11.145722524601457,PhD,0,1
532,19,Male,53.47119213730467,40.00808158026912,8.748392012943329,Bachelor,0,1
533,24,Female,75.95298954541352,70.6677483542338,7.313511194752684,High School,1,1
534,19,Female,53.380628179610746,42.811114511656186,33.02843806242668,Bachelor,0,1
535,22,Female,90.01782539111808,56.57017346925397,11.428302706435613,High School,0,0
536,19,Female,61.685604095521654,82.41858924734296,37.084951274577975,PhD,0,0
537,22,Male,77.00059573022553,43.76137729731195,38.797061013807635,Master,1,0
538,23,Male,94.0039543780729,90.36030954136014,22.850418797483893,Master,0,0
539,24,Male,82.5438684523597,40.22919535951499,5.720044906629056,Bachelor,1,1
540,24,Male,76.64788932756676,54.809432152114134,14.98192973518325,Master,0,1
541,18,Female,66.21668765576878,84.45424336912428,31.909290533928562,PhD,0,0
542,21,Male,66.6500956529099,58.97620898375841,14.69562914788282,Master,1,0
543,22,Male,83.4743477599095,46.11354328396081,3.48068873211155,Bachelor,0,1
544,18,Female,99.70696806105838,61.61403512802568,22.271396437127517,PhD,0,0
545,19,Female,83.09195949246893,56.22359718307153,33.80483405984139,High School,1,0
546,19,Female,77.88917086850125,90.56271412963329,31.837055485740095,Bachelor,0,0
547,18,Female,86.5325255119623,58.80087505510859,7.0049256052141295,High School,0,0
548,24,Male,73.26028061418592,87.33594830656043,26.910584576498668,PhD,0,0
549,19,Male,53.00711713003926,93.51232868864409,8.820170537425884,Bachelor,0,0
550,23,Female,78.1148407938955,66.02904517459177,8.72830138208689,Bachelor,1,0
551,23,Male,97.881264225269,94.59658863126353,34.96287093220741,PhD,0,0
552,18,Male,58.76514711788298,62.63908323779157,9.986758109609205,Master,1,1
553,22,Male,84.50024454103328,97.8447049894065,10.529893860720447,Bachelor,0,0
554,22,Female,60.04668443295282,45.35737147153438,0.026135630451982195,Bachelor,1,1
555,18,Male,76.79138422365406,81.22115599019457,34.82676136502071,High School,0,0
556,22,Female,54.83382248233598,69.62884242741572,31.70379252836539,Master,1,0
557,24,Male,72.51854681290925,63.25892832733882,25.09315740362712,High School,0,0
558,24,Male,87.8081664447623,77.96271272491606,30.01063055755369,High School,1,0
559,22,Male,67.37857621194911,82.23142549805988,6.081942696979672,Master,1,1
560,23,Female,83.24558622436089,40.261796179018546,18.33294378350302,Master,0,1
561,22,Male,89.77249803948646,50.01718532483192,14.048775493951236,PhD,1,0
562,24,Female,96.35889097397263,82.78276303805913,3.7510610502806596,Master,0,0
563,20,Female,61.73210409277267,79.98312481469239,19.445219408596962,Bachelor,0,0
564,21,Female,69.9657957904654,97.96285030772063,36.829586013705416,Master,0,0
565,19,Male,57.62080066652087,85.66226741504698,1.6023647620277792,PhD,0,0
566,20,Male,99.62417510791876,97.04636246388029,11.658436539751754,PhD,0,0
567,22,Male,96.35004839621476,82.15243009208842,8.301637448228139,PhD,1,0
568,23,Male,76.99785651402797,57.883132518366594,9.525866146627852,Master,0,1
569,18,Female,92.10166471882107,46.32189533505139,36.337382075175015,Master,0,0
570,22,Female,76.04789886360211,86.90943180069613,18.722762169371606,High School,0,0
571,23,Female,81.17928440013799,78.64895328855496,18.65197651759275,High School,0,0
572,21,Male,54.456221605800835,42.89116074359777,30.42302569821129,Bachelor,0,1
573,22,Female,87.7635210248404,61.6030279540587,6.179688160197032,High School,0,1
574,24,Male,56.38567418176174,97.40798892905717,19.490614164002032,Bachelor,1,0
575,18,Female,91.30338151262642,70.02406874261207,17.19940856484239,PhD,1,0
576,23,Male,89.1014043835193,65.96374816118228,23.876427621866245,High School,0,0
577,23,Male,85.43723488714882,67.46197630955764,39.98230813001754,Master,1,0
578,23,Female,51.80801902623811,52.53296344030982,30.777955763281884,High School,0,1
579,21,Female,65.15641779726643,62.122430251887714,15.914628120697088,Bachelor,0,0
580,22,Female,63.155628495542146,62.188795359230596,33.10212209096188,High School,0,0
581,21,Female,68.00682037357595,43.14130121124835,6.828334532499207,PhD,0,1
582,19,Male,54.382137338191924,86.0540577110751,1.218547452358405,Master,0,1
583,19,Female,96.84789115155314,64.99026591423274,8.177934898570921,Bachelor,1,0
584,22,Female,77.69011203561881,89.3307932089854,13.616462244570386,Master,1,0
585,24,Female,65.27621553290118,91.02088006719373,20.423230298382396,Master,1,0
586,21,Male,69.84907585371417,52.71964328191949,24.60516562164799,Bachelor,1,1
587,18,Male,72.36012702524178,79.44120893020772,36.42422868857687,Master,0,0
588,23,Female,80.02971666803086,68.3369082497789,20.394160382018306,Master,1,0
589,23,Male,75.7839713848249,92.8094042752891,20.051025785029175,High School,0,0
590,22,Female,95.96959866072086,52.94444075058725,2.0097203929192853,Master,1,1
591,24,Male,74.84817414529151,80.66879201860266,1.3964621062489524,Master,1,0
592,19,Male,99.60790074116564,76.46512733516334,22.046398476654883,Master,1,0
593,19,Male,92.57124788725478,57.718088654309966,17.52714452993378,Master,1,0
594,23,Male,60.42552571786679,48.196054219070355,33.567215799211944,Bachelor,0,0
595,22,Female,96.52976073219581,79.09838562863659,6.427183388473807,PhD,1,0
596,21,Female,55.818319894273806,84.31584748793983,0.9988664846819839,High School,1,0
597,19,Female,90.87248542455958,58.937640625800995,17.961550717205036,Master,0,0
598,21,Male,69.03116467382901,78.68995624133882,9.4991422700903,Master,0,1
599,24,Female,93.89871602225347,63.7078544566902,1.984574933553498,Bachelor,1,0
600,19,Female,93.40283450537251,82.79241299695707,28.98393147390516,PhD,0,0
601,19,Female,90.29627000588106,51.95291649364319,4.463719998289899,Master,0,0
602,20,Male,89.50152181535307,93.41290015817046,24.33278000031087,Bachelor,0,0
603,19,Male,65.23395695490204,57.244575787934785,11.241990006675566,High School,1,0
604,18,Male,54.04596415256261,62.06715926536917,6.939842014200881,High School,0,1
605,22,Female,70.14900893825808,43.48551712482099,15.190060916772698,Master,1,1
606,22,Female,58.67622574932543,46.690732739276584,32.057831048918146,Master,1,0
607,21,Female,84.74755444512309,70.95171416273969,15.683743076182907,PhD,1,0
608,24,Male,67.30498632688928,56.05556060367829,30.030785968442228,PhD,1,0
609,19,Male,98.78051004299574,90.12881354453165,5.0194518719660275,Master,0,0
610,18,Female,82.04860386726659,40.88160331929723,30.910856786603166,Bachelor,1,0
611,21,Male,91.12402818171805,62.74564292031617,9.477332996265947,PhD,0,1
612,20,Male,56.62623363709242,60.24073280614556,27.095725195554913,Master,1,1
613,21,Male,93.10072411363113,41.15965785505606,22.631262193639856,PhD,0,0
614,21,Male,96.13785952566971,47.462103940030616,37.165788688467494,Master,1,0
615,19,Female,74.35309594094679,64.81856049511812,15.49290071901256,High School,0,1
616,20,Male,80.31264688754888,69.5718750668468,2.646607553377618,Master,1,1
617,21,Male,88.24049004514977,64.25738483529214,0.7662194220501162,High School,1,1
618,18,Male,58.741931363020626,71.85626070472563,33.07434243891012,PhD,0,0
619,18,Male,75.12830382317212,75.70790049434089,20.989425506457287,Master,1,0
620,22,Female,69.93315138861566,40.59542926767014,31.009762073397972,PhD,1,0
621,20,Female,57.31869960811245,67.84570956721024,9.377024000460587,High School,1,0
622,20,Male,68.37672111457657,97.8099544532553,13.803349820529348,Master,0,0
623,22,Male,53.40861546927468,71.14193680777292,1.2041548884527575,PhD,1,0
624,21,Male,51.29059534747435,80.65253604753718,38.459692982964484,High School,1,0
625,20,Male,56.758314457741136,58.71183147501299,26.714716268032536,PhD,0,0
626,18,Male,98.15575557945868,86.43948268916574,37.32820351037225,Bachelor,0,0
627,18,Male,77.47647679475085,86.3752889125669,10.619856297162894,High School,0,0
628,19,Female,98.291108057661,71.27776285924834,24.458544449026434,High School,0,0
629,20,Male,71.62489391650661,98.56082939675281,27.13999873170551,High School,0,0
630,21,Female,65.59080665426298,47.533012885759206,12.701988010303538,Master,1,1
631,22,Female,75.3070931420122,41.01685989337486,33.9243694006252,Master,1,0
632,22,Male,71.9755844316455,86.20949270542576,37.88645851600991,Master,1,0
633,21,Female,55.2832342130872,88.42933224189295,35.394204707840174,Bachelor,0,0
634,24,Female,82.0413157345103,47.21243374723458,29.562679037574902,Bachelor,1,0
635,23,Female,60.80190912547998,55.93496997751636,11.098587188998161,High School,0,1
636,19,Female,80.97939774489149,41.05314180199773,11.26464168422527,Bachelor,0,1
637,22,Female,82.51005461990766,57.598516646833886,38.53441281784151,PhD,1,0
638,20,Female,57.601242656432404,86.38851243512029,0.41137983742768114,High School,0,1
639,19,Male,53.06748135553341,71.07763166275474,28.64199892968578,High School,0,0
640,20,Female,89.038079303422,60.88573559009728,28.249846502210488,PhD,1,0
641,24,Female,72.99002118846602,62.30435769437982,24.907581637991896,High School,0,0
642,18,Female,52.90818977527379,40.08121754292809,39.604353843474634,Bachelor,0,0
643,19,Male,99.74331585848836,57.98803165391415,12.47517743054901,Master,1,0
644,22,Female,52.88902804981833,78.78752449827583,13.598874551729928,PhD,0,1
645,19,Male,84.75176144292766,98.45166662898143,3.157576117862222,Bachelor,0,0
646,19,Female,99.18394626317068,90.82364961903397,17.711925461749498,PhD,1,0
647,19,Male,61.95900521079628,41.41569787873175,10.441941049393924,PhD,1,1
648,23,Male,57.11246843435981,93.91363628049035,13.735468087105769,High School,1,0
649,19,Female,56.069246971121444,86.99190479791756,33.38287161022511,High School,1,0
650,20,Female,65.16375737837978,86.82256741425883,37.41938054109983,Bachelor,0,0
651,18,Male,55.052290550532334,67.47974554021428,7.429322880207425,PhD,0,0
652,24,Female,84.60806708470659,63.88031757727017,14.900357262138634,High School,1,0
653,21,Male,53.114589906503134,58.174943729991554,37.145222484615765,High School,0,0
654,19,Male,75.47110640748949,43.941691537261946,2.4723384275689053,PhD,0,1
655,22,Male,99.83484269264883,53.69412180962195,3.6944211244551406,Bachelor,1,0
656,19,Male,90.69851347530094,54.79621809868148,6.511639568249175,Bachelor,1,1
657,22,Male,80.76097191155054,69.0446241826121,23.80851336507499,PhD,0,0
658,20,Female,65.31268103933058,84.84666439580164,6.018890840239899,Bachelor,1,0
659,22,Male,81.19479181458192,68.4285897038768,38.72305525802934,High School,1,0
660,21,Male,76.35207319558258,43.47066696682964,17.868581090340815,PhD,1,0
661,18,Female,71.30416919451858,97.46738805929223,20.060718414006654,High School,0,0
662,22,Male,56.535518837009974,96.56345914564673,9.86634463221626,Master,1,0
663,22,Female,94.33021076202334,87.1113725889045,18.83841009738934,Master,0,0
664,18,Female,72.48923244106612,99.47967409385323,26.47654530548046,Bachelor,0,0
665,21,Female,59.73112559103825,72.66893996801578,30.047085478161712,Master,0,0
666,19,Male,68.38796754386448,97.76610101519236,30.15472330839652,High School,1,0
667,22,Male,70.70648762644635,44.53630243700505,23.115644507763534,Master,1,1
668,18,Male,91.37689477834371,61.940844895682275,36.17439099975429,High School,1,0
669,20,Female,86.6807190280701,53.52287608040595,32.696313892244376,Bachelor,1,0
670,18,Male,88.46524468206698,51.7499850480562,30.281924587945017,Bachelor,1,0
671,20,Female,50.55156322143236,48.44817693356056,2.224220867218425,High School,0,1
672,21,Male,70.80769990898807,77.34481849395979,0.27511848878597256,Master,0,1
673,19,Female,74.06720758176618,86.8793113448383,8.497891087818918,Bachelor,0,0
674,18,Male,50.95961384115284,74.69790396522164,26.54094375653809,PhD,1,0
675,24,Male,62.99066043725171,48.817762575292576,16.44789955530183,Bachelor,0,1
676,24,Male,88.01449115610674,88.66742619600825,16.09625037197247,Master,0,0
677,23,Female,56.855485286449955,78.15728242982371,35.38347552918455,PhD,1,0
678,22,Female,76.76550657262959,63.28994236761973,35.82251392527355,Master,1,0
679,21,Male,60.76009360086188,80.44781773216377,36.36701056214343,High School,0,0
680,18,Male,50.60603873219466,55.59429875456997,12.555123060601092,PhD,0,1
681,24,Female,62.06007287997707,60.71153250965263,27.64223250957047,Master,1,0
682,22,Female,98.7936877455027,95.04915058791941,10.865327250974786,PhD,1,0
683,24,Female,90.07685559414948,57.43027034028522,7.624393322977991,Master,1,0
684,18,Male,97.97883221605167,68.19929608947619,7.385298293894769,PhD,1,0
685,20,Female,74.39270219631813,93.40846824376088,13.684304834543761,Master,0,0
686,18,Male,55.48680993387518,82.46328101605164,17.198304791192868,High School,0,0
687,23,Female,77.39797444868465,43.73219356988216,33.23796684220274,PhD,1,0
688,18,Male,72.71886672799805,48.83818265673822,4.795643738908484,PhD,0,1
689,18,Female,92.2178541369808,40.470495446315006,29.39703389579577,PhD,0,0
690,23,Female,54.90412903921223,77.85530741374981,21.258196567572213,PhD,1,0
691,21,Female,74.4120568510889,66.8604055246251,11.5178137070397,High School,0,0
692,18,Female,57.50243323469921,48.05649105413653,19.712783381312985,PhD,0,1
693,23,Female,66.23379634450299,97.47604726340623,11.997682791080905,Bachelor,0,0
694,22,Male,86.86785386938999,71.7795834367372,23.84327820953224,High School,1,0
695,20,Female,73.80090646843833,54.51359764677335,17.353756914209768,Bachelor,1,0
696,20,Female,68.79441425728847,70.03621426928245,6.576221163155149,PhD,0,0
697,18,Female,69.72381392850177,80.77721996410646,4.663322982227869,Master,1,0
698,21,Male,72.97233842029934,44.57435307841387,21.867827282885205,Bachelor,1,0
699,21,Female,89.25082719185284,56.482228902873516,36.09652133144414,PhD,1,0
700,22,Male,94.60423444701172,88.41792945303962,13.758307462307421,Bachelor,0,0
701,18,Female,97.76673432519641,67.57989222415968,29.32000428890493,PhD,0,0
702,20,Female,89.34516931276475,72.7946285219377,26.346454197590678,PhD,1,0
703,21,Male,65.77034478740063,65.96896013256816,37.26219657237924,PhD,0,0
704,18,Female,84.4067353043271,42.63399655858031,32.839240691965635,Master,0,0
705,24,Male,71.8801562027696,49.94498678920935,22.66421035621852,Bachelor,0,1
706,21,Male,62.73353110230256,66.73249832451346,26.28121992936429,High School,0,0
707,23,Female,92.04357897129613,52.551127924475665,35.935458663361395,High School,0,0
708,24,Male,51.92131744811625,42.99874171958072,15.980751383477392,High School,1,1
709,21,Female,95.08809960677118,90.61897984310943,13.071788234311095,High School,0,0
710,20,Female,73.0738732312367,98.87155174984696,0.43244334540785356,PhD,0,0
711,19,Male,81.86007384041402,87.58857243980437,33.06204296765857,Bachelor,0,0
712,24,Male,82.96769611028913,91.22709530228002,32.039228016134594,Bachelor,1,0
713,22,Male,94.75588703532682,54.518627819022726,4.178180724006055,Master,1,1
714,22,Male,81.83348410836037,97.63761853079198,23.074295245308008,Bachelor,1,0
715,20,Female,80.69667923800309,51.8155422672057,18.559267926675496,Bachelor,0,0
716,21,Female,53.3326020280345,97.08578862170994,4.7483638203644585,Bachelor,1,0
717,18,Male,75.9204010972602,99.68915763795707,39.22272908242894,Master,1,0
718,21,Female,57.50845004085208,82.70336834476292,8.587835498534218,High School,1,0
719,20,Female,86.87168843607428,98.86862390750932,2.689367203622446,Bachelor,1,0
720,22,Female,75.61109604063373,74.17238677402622,23.793895180076383,Master,0,0
721,21,Female,84.01138896041766,55.57250699056542,29.554667085321306,Master,1,0
722,22,Male,52.083645030119214,66.21975313993725,1.2977378418874785,PhD,1,1
723,24,Male,54.23960080229016,75.61365612272715,26.348705549080886,Master,0,0
724,18,Female,85.81616940313411,44.3848937216209,21.291675038058177,High School,0,0
725,24,Male,53.60421679993367,77.34059587703476,4.130600355001937,Bachelor,1,0
726,22,Male,53.56283638826293,98.87067020573767,6.900955077854483,Master,0,0
727,22,Male,50.605423761744376,51.406458987023655,22.71897189264322,High School,1,1
728,19,Female,97.82506991497401,87.555706977303,11.854304540531535,Master,0,0
729,19,Female,86.87541797295034,94.47392762677717,37.53262914605264,Master,0,0
730,24,Female,67.66257042510321,96.62209556921326,32.74960917936203,Master,1,0
731,23,Male,64.82677906438276,97.60813626432683,39.342688260546524,Master,0,0
732,24,Female,67.48516148729247,71.28757832328832,10.386833558016558,Master,1,1
733,19,Female,88.73267655905909,98.63847447949021,38.78894531191908,High School,0,0
734,22,Male,83.06853055352072,85.43861242806634,17.249354791662313,Bachelor,1,0
735,20,Female,59.259778393373395,49.700286174217716,13.900751812550185,Bachelor,0,1
736,24,Female,58.70546676670422,68.6140063880782,2.0139810787741297,Bachelor,0,1
737,22,Male,54.91978248566986,83.09987052232023,2.110610314384105,Bachelor,0,1
738,20,Male,83.0151359850669,54.840418949145004,27.68045023786619,High School,0,0
739,20,Male,88.2186331110868,78.43691101293325,18.317159777361116,PhD,0,0
740,19,Female,63.2523214162502,79.99602874279715,9.060865041444227,PhD,1,0
741,24,Female,51.047248051545644,49.76198462851396,24.558812253009307,High School,0,1
742,21,Female,54.10858337382137,73.90511874716537,10.114324730004448,High School,1,0
743,18,Male,98.39300174225153,86.29761465871647,23.105270173776905,Master,1,0
744,19,Male,64.77223887387102,69.93373987215651,14.368349879307614,Master,1,0
745,19,Female,88.46115739190668,40.72618700656645,32.94208906447276,Master,0,0
746,21,Female,81.23317844271318,40.54230814475753,32.82784643067117,Bachelor,1,0
747,18,Male,69.09698198264479,61.42176063820073,19.094015924896052,Master,0,0
748,22,Male,60.28436310977776,95.57164410590693,14.032764373400624,PhD,1,0
749,23,Male,56.06932090797032,53.72060677621653,14.502391862363782,Bachelor,1,1
750,24,Male,80.75064840194332,78.06182133230124,32.22858102672872,Master,1,0
751,23,Female,88.7316890318894,53.324552241599235,13.12717931190448,Bachelor,1,0
752,22,Male,82.19521267705653,59.300199379572916,8.36237494827384,PhD,1,0
753,19,Female,76.51510666245792,90.88252537608903,3.387533675012273,Master,0,0
754,18,Female,52.097561171581816,83.7316865361968,18.667724835376337,PhD,1,0
755,19,Female,98.42443887971919,45.723956638792636,19.285283956793677,PhD,1,0
756,20,Male,89.93570958272872,65.72212125918603,33.636348416116284,PhD,0,0
757,19,Male,64.64110183504823,41.75018581871587,8.849547857842559,Master,0,1
758,19,Male,98.99851646794252,68.85340879618053,15.239650946735996,High School,0,0
759,22,Male,80.09407948181611,79.74604070206408,32.336229555747636,Master,1,0
760,22,Female,79.12113291036232,47.11015741588909,32.94494442995894,PhD,1,0
761,22,Male,87.4036589714766,57.333096334549936,15.384443039150728,Master,1,0
762,23,Male,90.58848940450687,63.87019753012942,18.364960931467238,PhD,1,0
763,20,Female,82.82393036657513,95.17186147936299,12.131435633971318,High School,1,0
764,22,Male,56.40478731831,99.59530092537784,37.30219513677248,Bachelor,1,0
765,18,Female,66.91337529972492,42.69467793973695,4.745750629663212,High School,0,1
766,23,Female,96.40418201630249,85.66047540972352,37.3499769200588,High School,0,0
767,21,Female,61.230780592192595,62.30344398414059,27.35465807341373,Bachelor,1,0
768,18,Female,68.60835119187567,63.547491173768805,21.26288610746925,Master,1,1
769,24,Female,71.6038441472098,85.25589840082137,1.306362431379835,Bachelor,1,0
770,24,Female,71.97024948472261,95.10558592872451,19.023847672880333,Master,1,0
771,18,Female,80.64697912472627,97.0557156701529,16.309924200109293,Master,1,0
772,22,Female,97.15379188723537,74.62735516229924,6.448752479004902,PhD,0,0
773,21,Male,62.034635591625246,61.42726955803017,26.256384140026277,PhD,0,0
774,21,Male,56.0750688150459,87.25294515152675,38.846036294731434,Bachelor,1,0
775,23,Male,59.873524492996864,55.060082995738014,22.487552442581006,High School,0,0
776,21,Male,94.34624501046348,73.84444173001106,28.590131057757834,Bachelor,1,0
777,24,Female,82.2905406327603,61.51470769149239,2.7380181026406714,Master,1,1
778,20,Male,64.29533946195801,79.39786442247257,16.70667983267979,PhD,1,0
779,22,Female,90.79734694843086,54.42393477361041,4.654339406579835,Bachelor,0,1
780,21,Male,93.0684998181718,51.49557674408955,24.511833421460416,Bachelor,0,0
781,23,Male,92.3257169345139,95.09434520052622,37.539286328566185,PhD,1,0
782,24,Male,95.94632668197772,46.10822097697221,26.471109298865542,PhD,0,0
783,20,Female,62.612051008668075,70.3574744640959,3.072121932576861,PhD,0,1
784,19,Male,87.75209643731392,53.251166977780535,14.186648199403313,Master,1,0
785,19,Female,73.026974863707,42.335797799540046,22.02653517763406,PhD,0,1
786,20,Female,92.09992764450308,42.161129097485585,16.128310245330088,High School,0,1
787,24,Male,86.42453385808065,50.51330632634964,33.34576041900689,Bachelor,1,0
788,23,Male,88.82237232498623,92.00622127036002,32.58684018839957,PhD,1,0
789,20,Male,82.80809188405357,56.9487246386216,24.473240804128856,PhD,0,0
790,22,Female,58.87143847348534,97.02755023451775,14.938317805308209,Master,1,0
791,22,Male,77.25134594484692,74.89733757935161,10.213454950529766,Master,0,0
792,19,Female,99.23348697622541,66.19685138612596,4.234972728525173,Bachelor,1,0
793,21,Female,96.86940332485594,74.80533008016727,14.195907339462162,High School,1,0
794,23,Male,52.158686789850584,71.00190311357606,16.526900688308782,Bachelor,1,1
795,19,Male,58.24074078647186,85.5265752254395,27.032917004162943,PhD,1,0
796,21,Female,56.58643867272809,56.949763958371136,26.32639297190294,High School,0,1
797,21,Female,86.29899549926478,61.183023496018144,2.804325585650278,High School,1,1
798,22,Female,90.88926649284726,93.64565815199504,15.810372617246312,High School,1,0
799,24,Male,60.675568315533596,96.78739078902433,7.271154688694477,High School,1,0
800,18,Female,75.29263464759146,93.55349364918847,6.272508212672228,Bachelor,0,0
801,24,Male,92.03515140056,65.16687963743881,33.09208598948984,Master,0,0
802,18,Female,86.64007723831253,86.82193018041289,1.6766086686503012,Master,1,0
803,20,Female,77.11186027459242,68.58014399806592,16.767315036084852,PhD,1,0
804,22,Male,79.51738452293864,69.85239112876613,6.728146230660728,Master,1,0
805,21,Female,75.418027345814,52.28080654343704,35.17320862713896,Master,1,0
806,23,Male,64.87742256594103,75.46781819551099,22.281620531001405,Master,1,0
807,18,Male,78.2510996429508,51.16815386520088,9.255225455073921,Master,1,1
808,24,Female,84.44426510250453,59.89388194403163,20.097091486655057,PhD,0,0
809,21,Male,93.66614579304039,91.3018120971961,29.25945438812463,Bachelor,1,0
810,18,Male,81.8145676989624,52.424548552651316,38.32472035677735,High School,1,0
811,18,Female,88.0560768521579,44.269497110405965,8.817840169816758,Master,1,1
812,18,Male,58.003581747728646,44.14045555676898,35.44727088517381,Bachelor,1,1
813,23,Male,73.07787372098949,96.44707123018648,37.37216456669961,Master,1,0
814,22,Male,50.46658099135467,70.41522627771008,36.65682178128265,Master,1,0
815,23,Female,62.33394322608115,64.5647243090211,25.416574274476393,High School,0,0
816,19,Male,86.32308575565024,88.6527148604751,25.19282617738831,High School,0,0
817,21,Female,99.59049756746816,90.14955567463096,16.12842532735291,High School,0,0
818,22,Female,54.958904979360796,59.93146198693628,30.095915292151517,Master,0,0
819,22,Male,70.07471579306441,81.6170834484277,21.251760734037276,Master,0,0
820,22,Male,90.00354843495798,86.2673689511132,27.097522849131778,Master,0,0
821,24,Male,60.20178173144494,79.27904121195726,17.13831615395182,High School,1,0
822,22,Female,77.7542474651143,49.095704488005964,29.25985856172556,PhD,1,0
823,23,Male,86.65356480148374,92.55298501102342,32.97886070418196,Bachelor,1,0
824,22,Male,80.79927251300896,72.34567316416053,5.857450264112645,PhD,1,0
825,20,Male,59.401236730770805,56.94834558220022,33.31718862296912,Master,1,0
826,21,Male,67.76922843428697,65.51369112626163,21.61186127161229,Master,1,0
827,22,Male,89.18958922426987,42.25426542393444,33.78663636360897,PhD,0,0
828,21,Female,77.71132570660083,47.672008073345054,17.252068253640584,Master,1,1
829,20,Female,50.261480677145634,85.93280503095164,15.1616194153214,Bachelor,0,0
830,20,Male,88.0495380014047,40.00069808532197,36.6024293006889,Master,0,0
831,21,Male,51.76556774701196,64.99394970893754,10.046770701936051,Bachelor,1,1
832,18,Male,87.2866891365616,71.35061086513531,33.76849301144573,PhD,1,0
833,19,Male,60.124028008261874,43.278065200058336,19.360822900376164,PhD,1,1
834,24,Female,97.90367400596901,98.38468977833998,20.56381770205039,Master,1,0
835,18,Male,68.39703756510423,53.56751987498032,12.338731259579362,Bachelor,1,0
836,18,Female,66.34658081690395,58.25192317817685,22.921688024760627,Master,1,0
837,23,Female,57.44440251662223,58.23655073530164,13.008447851048452,High School,1,1
838,24,Male,65.28021077451075,53.824999727040996,1.5707765696660925,High School,0,1
839,24,Female,93.83253809141003,40.08842932517869,10.879944213774241,High School,1,1
840,18,Female,99.81671688136237,83.76068764527977,0.25516173626362715,High School,1,0
841,22,Female,68.41547652534241,98.01072998795712,39.13419148227427,Master,0,0
842,23,Female,72.43053154772713,53.4576089971027,38.6298883927899,High School,1,0
843,23,Male,86.10354691013686,79.78283150820535,15.806211898892201,Bachelor,1,0
844,20,Male,94.30978902325373,84.51377961752291,29.13483417358584,PhD,0,0
845,24,Female,79.6522167093392,90.90552274543148,13.832243936417,PhD,1,0
846,18,Male,69.57628490889147,65.35775182081655,26.843726283439043,High School,1,0
847,20,Male,70.63109204243119,58.17585433842575,32.21720172183916,High School,1,0
848,21,Male,84.78090732484034,59.517708041381866,37.87024978768963,High School,1,0
849,19,Male,50.16091318021393,82.75727998591077,16.00849103398688,Master,1,0
850,23,Male,80.97946687299203,89.00676799033816,31.33191931824191,PhD,1,0
851,21,Female,67.77465052206787,50.89683806539616,10.637138025284752,High School,0,0
852,21,Male,89.7098665638542,62.25646048946591,39.61329215174593,Bachelor,1,0
853,22,Male,54.64953199115661,94.116411804949,1.0307839505740457,High School,1,0
854,19,Male,79.41011334741953,88.40161118168436,24.141152260044837,PhD,0,0
855,21,Male,74.04864449430619,99.09150416574855,26.380239266053085,High School,0,0
856,21,Female,82.11627629526137,85.25489558092485,27.521822282965154,PhD,1,0
857,19,Female,53.24267972414842,63.59171206167534,4.8155031515635605,High School,0,1
858,19,Female,78.99918937140657,75.43827003967826,37.541191338925216,Bachelor,1,0
859,21,Female,78.07422939797618,79.66085525483922,7.247331162003312,High School,1,0
860,19,Male,78.03300472080855,44.70734897902744,24.910136129593642,Bachelor,0,0
861,21,Female,80.17438332982275,72.66981754623191,8.907043164923397,Bachelor,1,0
862,21,Male,83.82339686131812,82.55924970835657,12.288656680850835,High School,1,0
863,22,Male,90.24944998403848,50.039278240063624,21.858341669124975,Bachelor,0,0
864,18,Male,63.49103600641072,86.83790304553344,16.68773674258306,Master,0,0
865,21,Male,91.2524705090031,75.0263668308467,6.4090240390602515,High School,0,0
866,20,Male,74.91278411317268,97.13330714185568,6.8374560968339315,High School,0,0
867,23,Female,53.852913956716556,42.5453378924135,16.725791526511987,Bachelor,1,1
868,24,Female,52.92754646219896,55.919568253328016,30.29131913102003,Bachelor,0,0
869,18,Female,66.71191593480305,76.09323275798944,35.91858587391154,High School,0,0
870,18,Female,89.24484885557338,57.79359473235584,3.3651064903753136,Master,0,1
871,18,Male,85.3840467370458,82.86544984427454,15.724156302376041,Bachelor,0,0
872,22,Female,89.43074823362032,85.54031695131586,4.009822548915065,Bachelor,0,0
873,21,Male,75.86345282208046,46.150957843988465,0.6636992253039153,PhD,1,1
874,22,Female,72.00994989777453,70.83126785240606,26.468747305758264,Master,0,0
875,21,Male,57.372626335314195,70.53343333546336,24.09797767866351,Master,1,0
876,22,Male,66.40963768046558,62.156846212932464,6.520764552595448,High School,0,1
877,22,Female,71.70096830869376,95.97549175418033,9.352513323722565,Master,0,0
878,23,Male,54.43002148398086,89.65037919239327,0.9483101457807352,High School,0,0
879,20,Male,61.03059763556056,81.8325629145782,33.39788822777615,PhD,0,0
880,22,Female,79.91126470318694,82.85959814409986,38.98762384194206,Master,0,0
881,23,Male,86.7831557119595,67.70296862878715,5.418381471787632,Bachelor,0,1
882,19,Female,99.91737556964748,95.25967126579455,9.259008550611924,PhD,0,0
883,20,Female,96.65566656717789,81.67572563519713,34.73638095787736,High School,0,0
884,22,Female,82.12825997675958,83.738863699349,37.058551918247396,PhD,1,0
885,24,Male,71.0624026647036,91.70145422724072,16.785095312272414,High School,0,0
886,18,Male,81.80886823541164,56.444295360531456,2.024898890762965,PhD,1,1
887,19,Male,89.2825809040116,88.42425423200217,1.575673347712776,High School,0,0
888,19,Female,55.91680954616937,51.71443617738952,22.95799464276042,Master,1,1
889,23,Male,70.4952444848144,60.72051713469327,15.715804355727162,Bachelor,0,0
890,19,Female,91.99011428178086,60.136627256190565,1.1460971031061806,High School,0,1
891,20,Female,69.1916475966522,98.71152810334843,23.33009569250227,PhD,0,0
892,22,Male,78.59361356135932,91.39223342487561,0.45210146356089886,High School,1,0
893,22,Female,79.38846804310991,82.07019169541559,31.49487832597092,High School,1,0
894,24,Male,59.22381265668197,83.62340569692341,12.257312908134864,High School,1,0
895,18,Male,68.11177208261442,73.72436766415427,1.610320120369284,PhD,1,0
896,23,Male,66.72556443709661,96.82544002651115,23.53408883932613,Bachelor,0,0
897,18,Male,51.30983542660324,69.77552517294168,15.907376577322188,Master,0,0
898,19,Male,51.209588194567765,62.831062592193675,38.95201653428598,Bachelor,0,0
899,24,Female,91.58485218378868,49.78212021589546,21.76794650014809,High School,1,0
900,18,Female,63.65354049864062,87.17233913566348,11.009567241480331,PhD,0,0
901,20,Female,75.90393831194078,84.06663592453549,28.37755458535899,Bachelor,1,0
902,22,Male,64.93627867943866,63.06130231144809,10.859680101708452,High School,1,1
903,19,Male,97.03396225576702,41.51160483755376,36.1697316563026,Master,1,0
904,24,Male,62.964837943288686,90.33983966308065,14.988878820295056,Master,1,0
905,18,Female,71.48284063694675,40.68507900724442,21.99474251104821,Master,1,1
906,23,Male,93.63651252423008,82.22198677774306,2.0229241529691544,High School,0,0
907,20,Female,92.09667833959043,98.21542658356341,17.04484951808923,PhD,1,0
908,20,Female,59.305070892313864,66.2596796888922,33.2945415864398,Bachelor,1,0
909,18,Male,90.13216548978552,54.09840429975716,32.22595221453368,Master,0,0
910,22,Male,72.90934433689463,82.29226060260291,8.972742354141051,High School,1,0
911,18,Female,74.14844360426775,89.0276885209351,9.043162840422507,High School,1,0
912,19,Male,56.67399862079719,72.78581896467084,32.69221248852947,Bachelor,0,0
913,18,Female,54.03007568785623,98.02211651536877,37.21593680677302,Master,0,0
914,20,Male,86.39696534868827,43.100123299477666,3.814436850920142,High School,0,1
915,24,Male,74.82305761776499,70.28773589827169,18.00234557704901,Bachelor,1,0
916,18,Female,71.84253513075898,83.107236839353,13.498171158569159,PhD,0,0
917,22,Male,86.47541143261984,91.75842826895074,34.827538218297576,PhD,0,0
918,24,Female,88.27564494955548,50.755336714467404,3.3409965872007508,PhD,0,1
919,23,Male,57.94540838346768,88.00020890582088,8.445037702321496,Master,1,0
920,21,Female,80.51125747388207,73.1624245431127,30.098733503459773,Bachelor,0,0
921,18,Female,56.76770411388428,63.7932209193978,2.0517539592486234,Bachelor,1,1
922,22,Male,87.56875430145229,47.90290171474561,19.70141522857157,High School,1,0
923,24,Female,82.84775781335698,91.91774553453475,17.6842813871888,High School,0,0
924,22,Male,97.8307310541729,49.43639249078292,13.376047159549946,High School,1,0
925,23,Male,53.44790081782106,58.58727155254596,15.782892612756951,Bachelor,1,1
926,20,Male,52.852736057562716,57.40273191774621,21.19762347720932,High School,0,1
927,22,Female,64.10935373466,92.28484205145125,6.454694335535325,Bachelor,1,0
928,24,Female,63.0852841867953,80.36217965253388,22.87983513134371,Bachelor,0,0
929,22,Male,62.348939953599995,87.80088383148234,32.21729317199945,PhD,1,0
930,22,Male,95.31272902605184,55.02807392754994,30.40643719160636,High School,1,0
931,22,Female,62.477309992475305,77.49244597641993,6.155996187750947,PhD,0,0
932,19,Male,63.59748630643155,74.30475898862491,5.969978789658956,Master,0,1
933,19,Male,87.96991312089818,89.96982260729627,10.726974709796533,Master,1,0
934,20,Female,72.486992122527,94.36522362887564,14.442989053641488,Master,1,0
935,18,Male,88.83552784775907,40.72940628864321,16.338223256339305,Bachelor,0,0
936,22,Female,53.26830787821926,80.44119514352755,27.18788867333381,Bachelor,1,0
937,23,Male,74.37855968366921,43.11014794718374,2.267217286633416,Bachelor,1,1
938,18,Female,51.680680009164135,72.93151990464136,1.3869081690426555,High School,1,1
939,23,Male,53.13266017276773,57.25796374262069,15.676422517756361,PhD,1,1
940,18,Male,95.32187266722055,58.40659597132847,27.88654768551922,Bachelor,0,0
941,20,Female,56.96226855587976,61.177510207141395,7.737413718259303,PhD,0,1
942,22,Male,76.62103411376086,77.27754694297661,25.660179250250067,PhD,0,0
943,22,Female,70.55478013003533,60.042997940126156,10.393125517611978,PhD,0,0
944,21,Male,67.36716631294213,83.96194303541682,35.44344435254065,High School,0,0
945,23,Female,94.99166728436361,64.27164313443218,35.82759777066466,High School,0,0
946,18,Female,51.091169838774476,44.101192018597516,11.891488171253059,Master,1,1
947,18,Female,83.18948430877946,87.02559054904643,9.199750158529621,Master,0,0
948,19,Female,98.16972171067752,57.14549947556236,16.45215888264925,PhD,1,0
949,21,Male,78.0084091730921,65.96601277595576,9.621263407205948,Master,1,0
950,24,Male,96.84112310165459,81.12663299331409,26.895353731668145,PhD,1,0
951,24,Female,52.612893964301186,59.94736942892272,33.04258738193142,High School,0,0
952,19,Female,70.93966595370807,43.39513936880294,26.92368523644868,High School,1,0
953,19,Female,63.007889548102554,62.43526282076881,32.97401788997398,High School,0,0
954,19,Male,86.54104824903649,96.66691496165821,15.879686488298965,Bachelor,1,0
955,23,Male,99.06485452486234,78.50406383791349,6.252678828354434,PhD,1,0
956,23,Male,62.82650312221239,80.28874892003242,29.518037895903685,High School,0,0
957,20,Male,82.70873007370372,77.9369292182584,14.418980205662155,PhD,1,0
958,20,Female,59.904881637987,51.93952833756621,26.8508330091653,Master,1,1
959,19,Female,78.2665127285805,65.1000318461368,10.825757679270627,Master,1,1
960,21,Female,73.19662433441681,85.0563879017991,3.2491853922669067,High School,1,0
961,18,Male,98.60026648157685,46.08237385318955,39.70327181951053,PhD,0,0
962,23,Male,80.42636363482333,56.671166565382734,6.248060317223971,High School,1,1
963,21,Male,67.47531860434094,56.579146507951215,39.536839758539244,Master,1,0
964,22,Female,55.704789244396665,65.92113565567035,39.09119730265789,High School,0,0
965,23,Female,57.56234143674673,98.8221244565311,31.752724156321584,PhD,1,0
966,23,Male,61.26584649756175,44.05015280102931,26.3769184832799,Master,1,0
967,20,Female,62.5483330670149,71.12205966283571,23.112282010043387,Bachelor,1,0
968,18,Male,92.5308028920569,50.76188092073263,34.64406181511339,Master,1,0
969,18,Male,78.06113941412625,98.24059272458464,11.577580864779517,Bachelor,0,0
970,24,Female,76.16954556871832,46.798210283647855,18.70724849939508,High School,1,1
971,24,Male,55.73844359346087,64.21606014169548,24.775598774660075,High School,0,0
972,24,Female,93.00698466747176,84.27309909007637,16.447619034779642,PhD,1,0
973,24,Male,86.14071516042418,82.27326568164672,17.09945816361072,Bachelor,1,0
974,22,Female,53.38341809500008,65.36371821363593,13.211386700083377,High School,1,1
975,22,Female,85.39175486148844,60.79145007716309,22.56927266738144,Bachelor,0,0
976,23,Female,77.1769108671323,63.85674271317224,34.02298112060464,High School,1,0
977,19,Male,54.08626728733891,55.85657578951836,8.061135120252514,Master,1,1
978,20,Male,72.91503207643282,52.31997632240799,37.37732155013766,High School,0,0
979,20,Female,74.23481435650234,68.9823818535334,27.563506149929186,PhD,0,0
980,24,Female,58.28872700816379,56.112025364056436,32.93092850720121,Master,0,0
981,23,Male,97.28490735001412,57.247699893835005,22.247627705200465,PhD,0,0
982,21,Male,92.4987685740331,79.40536380847342,31.18066805696254,Master,1,0
983,19,Male,83.45111686645541,98.11223990199353,0.6480158935786884,Bachelor,1,0
984,23,Female,73.11477805003037,76.21823203356251,32.73521699118141,PhD,1,0
985,19,Male,70.58827707922542,44.61876802389798,1.6055543634146607,High School,1,1
986,19,Male,82.5486733575477,44.53501683124402,35.5965350545145,Bachelor,0,0
987,19,Female,77.27159347034527,97.08539325073396,39.67850988954573,High School,1,0
988,23,Male,53.11365529409428,57.83744741844002,11.762698487071113,Master,1,1
989,24,Male,75.62513243851659,45.52401916494853,8.412742251431746,Master,1,1
990,20,Male,90.32018086164197,75.9426752290229,30.61453455432163,High School,1,0
991,20,Female,72.96199387984791,77.41892669741597,10.121053636810128,High School,0,0
992,24,Female,52.59782887771342,78.91028920712128,34.62249532688814,Bachelor,1,0
993,19,Female,89.31390996920166,56.04412167145248,4.113703686299068,High School,1,1
994,21,Female,60.06818910679872,40.9066410528685,5.03820785517433,PhD,1,1
995,18,Female,62.93104174440194,97.9009221672683,39.16606220402463,PhD,0,0
996,23,Female,58.235317671614794,55.05358274146615,26.953555930800185,High School,0,1
997,18,Female,66.51075324357488,80.56157728315284,33.87548897715811,PhD,1,0
998,24,Male,87.83757528443175,82.39779219272258,12.973175094060721,High School,1,0
999,21,Male,75.96929297519686,76.60044502476914,27.059349980824177,Bachelor,1,0
1000,23,Female,60.24406370753563,58.77444365281889,23.769673092343886,PhD,0,0
